Workbook
Name Hoy: TODAY()
Name Hoy: TODAY()
Name Hoy: TODAY()
Name integrantes: REGISTRO!$C$29:$J$32
Name Lista_Verificación: ACTIVIDADES!$N$2
Name Procesos: Tabla3[Procesos]

Sheet REGISTRO
P4: Folio:
P5: Fecha de apertura:
B7: DATOS GENERALES
D9: Proceso: | P9: Origen:
D10: Área: | P10: Núm. De Auditoría:
B13: DESCRIPCIÓN DE LA NO CONFORMIDAD
C22: La no conformidad, ¿Impacta en otros procesos? | J22: SI | M22: NO
C23: Enunciar que otros procesos se ven afectados:
B26: EQUIPO DE TRABAJO
C28: Nombre: | K28: Puesto: | R28: Firma:
B35: CIERRE DE LA ACCIÓN
I37: Nombre y firma del auditor:
I38: Fecha de cierre:

Sheet ANÁLISIS
G1: FOLIO: | H1: FOLIO: | I1: =IFERROR("AC#"&REGISTRO!Q4 &"/" &RIGHT(YEAR(REGISTRO!Q5),2),"") -> AC#/00
A2: ACCIÓN CONTENEDORA:
A3: ACTIVIDAD: | F3: RESPONSABLE: | I3: FECHA:
A6: HERRAMIENTA DE ANÁLISIS: ( lluvia de ideas )
A7: Núm. | B7: CAUSAS | D7: {=MID(TRANSPOSE(IF(REGISTRO!$C$29:$C$32<>"",REGISTRO!$C$29:$C$32,"")),1,16)} | I7: TOTAL | J7: %
A8: =IFERROR(IF(B8="","",1),"") | I8: =IF(SUM(D8:H8)=0,"",SUM(D8:H8)) | J8: =IFERROR((I8)/SUM($I$8:$I$11),"")
A9: =IFERROR(IF(B9="","",A8+1),"") | I9: =IF(SUM(D9:H9)=0,"",SUM(D9:H9)) | J9: =IFERROR((I9)/SUM($I$8:$I$11),"")
A10: =IFERROR(IF(B10="","",A9+1),"") | I10: =IF(SUM(D10:H10)=0,"",SUM(D10:H10)) | J10: =IFERROR((I10)/SUM($I$8:$I$11),"")
A11: =IFERROR(IF(B11="","",A10+1),"") | I11: =IF(SUM(D11:H11)=0,"",SUM(D11:H11)) | J11: =IFERROR((I11)/SUM($I$8:$I$11),"")
F12: Notas: El de mayor puntuación es el de mayor importancia Las puntuaciones van del 1 al numero total de causas,
B13: Se requiere actualizar la matriz de riesgos y oportunidades del proceso?
B14: SI | C14: NO
D16: Si la respuesta es Sí, describir el riesgo u oportunidad modificado en la matriz:
A101: =IFERROR(IF(#REF!="","",(IF(TODAY()>=#REF!,1,IF(((DATEDIF(Inicio_del_proyecto,TODAY(),"D"))/DATEDIF(Inicio_del_proyecto,#REF!,"D"))>100,1,((DATEDIF(Inicio_del_proyecto,TODAY(),"D"))/DATEDIF(Inicio_del_proyecto,$D27,"D")))))),"FÓRMULA AQUI") -> FÓRMULA AQUI

Sheet ACTIVIDADES
H1: FOLIO: | I1: =IFERROR("AC#"&REGISTRO!$Q$4 &"/" &RIGHT(YEAR(REGISTRO!$Q$5),2),"") -> AC#/00
B2: CAUSA #1: | C2: =IFERROR(INDEX(ANÁLISIS!$B$8:$B$11,MATCH(MAX(ANÁLISIS!$J$8:$J$11),ANÁLISIS!$J$8:$J$11,0)),"") | H2: Fecha de de cierre: | I2: =WORKDAY(MAX(ACTIVIDADES[Fecha de término])+3,2) -> 5 | N2: ✔️
B4: ¿Se requiere un cambio en el SGC? (procedimientos, instructivos, formatos, responsabilidades, interacciones de procesos) | C4: SI | E4: NO | H4: 1er. Replanteo: | I4: =WORKDAY(MAX(ACTIVIDADES[1er. Replanteo])+3,2) -> 5
H6: 2do. Replanteo: | I6: =WORKDAY(MAX(ACTIVIDADES[2do. Replanteo])+3,2) -> 5
B8: ACTIVIDADES | C8: Responsable de la actividad | D8: Indicador de progreso | E8: Fecha de término | F8: 1er. Replanteo | G8: 2do. Replanteo | H8: Evidencia | I8: Resultado Verificado (Auditor)
D9: {=IFERROR(IF(ACTIVIDADES[[#This Row],[Fecha de término]]="","",_xlfn.IFS(ACTIVIDADES[[#This Row],[Resultado Verificado (Auditor)]]="✔️",1,ACTIVIDADES[[#This Row],[Fecha de término]]>TODAY(),DATEDIF(REGISTRO!$Q$5,TODAY(),"D")/DATEDIF(REGISTRO!$Q$5,ACTIVIDADES[[#This Row],[Fecha de término]],"D"),ACTIVIDADES[[#This Row],[1er. Replanteo]]>TODAY(),DATEDIF(REGISTRO!$Q$5,TODAY(),"D")/DATEDIF(REGISTRO!$Q$5,ACTIVIDADES[[#This Row],[1er. Replanteo]],"D"),ACTIVIDADES[[#This Row],[2do. Replanteo]]>TODAY(),DATEDIF(REGISTRO!$Q$5,TODAY(),"D")/DATEDIF(REGISTRO!$Q$5,ACTIVIDADES[[#This Row],[2do. Replanteo]],"D"))),"Actividad para revisión")}
D10: {=IFERROR(IF(ACTIVIDADES[[#This Row],[Fecha de término]]="","",_xlfn.IFS(ACTIVIDADES[[#This Row],[Resultado Verificado (Auditor)]]="✔️",1,ACTIVIDADES[[#This Row],[Fecha de término]]>TODAY(),DATEDIF(REGISTRO!$Q$5,TODAY(),"D")/DATEDIF(REGISTRO!$Q$5,ACTIVIDADES[[#This Row],[Fecha de término]],"D"),ACTIVIDADES[[#This Row],[1er. Replanteo]]>TODAY(),DATEDIF(REGISTRO!$Q$5,TODAY(),"D")/DATEDIF(REGISTRO!$Q$5,ACTIVIDADES[[#This Row],[1er. Replanteo]],"D"),ACTIVIDADES[[#This Row],[2do. Replanteo]]>TODAY(),DATEDIF(REGISTRO!$Q$5,TODAY(),"D")/DATEDIF(REGISTRO!$Q$5,ACTIVIDADES[[#This Row],[2do. Replanteo]],"D"))),"Actividad para revisión")}
D11: {=IFERROR(IF(ACTIVIDADES[[#This Row],[Fecha de término]]="","",_xlfn.IFS(ACTIVIDADES[[#This Row],[Resultado Verificado (Auditor)]]="✔️",1,ACTIVIDADES[[#This Row],[Fecha de término]]>TODAY(),DATEDIF(REGISTRO!$Q$5,TODAY(),"D")/DATEDIF(REGISTRO!$Q$5,ACTIVIDADES[[#This Row],[Fecha de término]],"D"),ACTIVIDADES[[#This Row],[1er. Replanteo]]>TODAY(),DATEDIF(REGISTRO!$Q$5,TODAY(),"D")/DATEDIF(REGISTRO!$Q$5,ACTIVIDADES[[#This Row],[1er. Replanteo]],"D"),ACTIVIDADES[[#This Row],[2do. Replanteo]]>TODAY(),DATEDIF(REGISTRO!$Q$5,TODAY(),"D")/DATEDIF(REGISTRO!$Q$5,ACTIVIDADES[[#This Row],[2do. Replanteo]],"D"))),"Actividad para revisión")}
D12: {=IFERROR(IF(ACTIVIDADES[[#This Row],[Fecha de término]]="","",_xlfn.IFS(ACTIVIDADES[[#This Row],[Resultado Verificado (Auditor)]]="✔️",1,ACTIVIDADES[[#This Row],[Fecha de término]]>TODAY(),DATEDIF(REGISTRO!$Q$5,TODAY(),"D")/DATEDIF(REGISTRO!$Q$5,ACTIVIDADES[[#This Row],[Fecha de término]],"D"),ACTIVIDADES[[#This Row],[1er. Replanteo]]>TODAY(),DATEDIF(REGISTRO!$Q$5,TODAY(),"D")/DATEDIF(REGISTRO!$Q$5,ACTIVIDADES[[#This Row],[1er. Replanteo]],"D"),ACTIVIDADES[[#This Row],[2do. Replanteo]]>TODAY(),DATEDIF(REGISTRO!$Q$5,TODAY(),"D")/DATEDIF(REGISTRO!$Q$5,ACTIVIDADES[[#This Row],[2do. Replanteo]],"D"))),"Actividad para revisión")}
D13: {=IFERROR(IF(ACTIVIDADES[[#This Row],[Fecha de término]]="","",_xlfn.IFS(ACTIVIDADES[[#This Row],[Resultado Verificado (Auditor)]]="✔️",1,ACTIVIDADES[[#This Row],[Fecha de término]]>TODAY(),DATEDIF(REGISTRO!$Q$5,TODAY(),"D")/DATEDIF(REGISTRO!$Q$5,ACTIVIDADES[[#This Row],[Fecha de término]],"D"),ACTIVIDADES[[#This Row],[1er. Replanteo]]>TODAY(),DATEDIF(REGISTRO!$Q$5,TODAY(),"D")/DATEDIF(REGISTRO!$Q$5,ACTIVIDADES[[#This Row],[1er. Replanteo]],"D"),ACTIVIDADES[[#This Row],[2do. Replanteo]]>TODAY(),DATEDIF(REGISTRO!$Q$5,TODAY(),"D")/DATEDIF(REGISTRO!$Q$5,ACTIVIDADES[[#This Row],[2do. Replanteo]],"D"))),"Actividad para revisión")}
B15: {=IFERROR(IF(Fecha_término="","",(IF(TODAY()>=Fecha_término,1,IF(((DATEDIF(Fecha_Inicio,TODAY(),"D"))/DATEDIF(Fecha_Inicio,Fecha_término,"D"))>100,1,((DATEDIF(Fecha_Inicio,TODAY(),"D"))/DATEDIF(Fecha_Inicio,Fecha_término,"D")))))),"")}

Sheet CRITERIOS!
A1: Criterios para apertura y cierre.
A2: Apertura:
A3: Para la conformación del equipo:
B4: Se integra un responsable y un equipo de trabajo incluyendo en este grupo un invitado externo al área.
A6: Cada tipo de origen tiene un plazo específico para iniciar el proceso de acción correctiva:
A7: · Proceso: Inmediatamente tras detectar el problema.
A8: · Indicadores: Al momento de generarse el resultado.
A9: · Auditorías: 5 días hábiles posteriores al informe.
A10: · Producto no conforme, ensayo no conforme y Reclamaciones del cliente: Inmediatamente o según procedimientos aplicables (ISO9001, ISO/IEC 17025).
A11: · Análisis de datos: Al identificarse el incumplimiento.
A13: Replanteos:
A14: Las actividades deben concluirse en un máximo de 6 meses, con opción de 2 replanteos no mayores a 3 meses.
A16: Se permiten hasta 2 replanteos justificados:
A17: · El 1er. se solicita por medio de un correo electrónico.
A18: · El 2do. requiere formato OOMRSC-50 firmado por el responsable y director del área. Si se trata de entes externos, se permite un replanteo adicional por causa justificada.
A20: *Cada replanteo debe ser justificado con razones documentadas y ajustado digitalmente en el formato correspondiente
... A28: En caso que la acción correctiva cumpla el año de apertura, esta se debe de cerrar como no efectiva y dar apertura a una nueva, analizando de nuevo el problema detectado.

Sheet DATOS 
A1: Área | L1: Procesos | N1: Origen | P1: Catálogo auditores
A2: Agencia Esperanza | L2: Comercialización | N2: Análisis de datos | Y2: Arochin@oomapasc.gob.mx;
A3: Agencia Marte R. Gómez | C3: ? | D3: ? | E3: ? | F3: ? | L3: Comunicación | N3: Auditoría | Y3: lbadillo@oomapasc.gob.mx;
A4: Agencia Providencia | C4: =IF(ANÁLISIS!J8=MAX(ANÁLISIS!$J$8:$J$11),1,2) -> 2 | D4: {=_xlfn._xlws.SORT(ANÁLISIS!J8:J11,1,-1)} | E4: ='DATOS '!D4 | F4: =IF(_xlfn.XLOOKUP('DATOS '!D4,ANÁLISIS!$J$8:$J$11,ANÁLISIS!$A$8:$A$11,"",0,)=ANÁLISIS!L7,_xlfn.XLOOKUP('DATOS '!D4,ANÁLISIS!$J$8:$J$11,ANÁLISIS!$A$8:$A$11,,0,-1),_xlfn.XLOOKUP('DATOS '!D4,ANÁLISIS!$J$8:$J$11,ANÁLISIS!$A$8:$A$11,"",0,)) | G4: =IF(_xlfn.XLOOKUP('DATOS '!D4,ANÁLISIS!$J$8:$J$11,ANÁLISIS!$A$8:$A$11,"",0,)=ANÁLISIS!L7,_xlfn.XLOOKUP('DATOS '!D4,ANÁLISIS!$J$8:$J$11,ANÁLISIS!$A$8:$A$11,,0,-1),_xlfn.XLOOKUP('DATOS '!D4,ANÁLISIS!$J$8:$J$11,ANÁLISIS!$A$8:$A$11,"",0,)) | H4: =IF(OR(MAX($G$4:$G$7)=G4,MIN($G$4:$G$7)=G4),G4,NA()) -> #N/A | L4: Gestión de Recursos | N4: Ensayo no conforme | Y4: administradoresmesatemp@oomapasc.gob.mx;
A5: Agencia Pueblo Yaqui | C5: =IF(ANÁLISIS!J9=MAX(ANÁLISIS!$J$8:$J$11),1,2) -> 2 | E5: =IFERROR('DATOS '!D5+E4,"") | F5: =IF(_xlfn.XLOOKUP('DATOS '!D5,ANÁLISIS!$J$8:$J$11,ANÁLISIS!$A$8:$A$11,"",0,)=F4,_xlfn.XLOOKUP('DATOS '!D5,ANÁLISIS!$J$8:$J$11,ANÁLISIS!$A$8:$A$11,,0,-1),_xlfn.XLOOKUP('DATOS '!D5,ANÁLISIS!$J$8:$J$11,ANÁLISIS!$A$8:$A$11,"",0,)) | G5: =IF(_xlfn.XLOOKUP('DATOS '!D5,ANÁLISIS!$J$8:$J$11,ANÁLISIS!$A$8:$A$11,"",0,)=ANÁLISIS!L8,_xlfn.XLOOKUP('DATOS '!D5,ANÁLISIS!$J$8:$J$11,ANÁLISIS!$A$8:$A$11,,0,-1),_xlfn.XLOOKUP('DATOS '!D5,ANÁLISIS!$J$8:$J$11,ANÁLISIS!$A$8:$A$11,"",0,)) | H5: =IF(OR(MAX($G$4:$G$7)=G5,MIN($G$4:$G$7)=G5),G5,NA()) -> #N/A | L5: Mantenimiento y Calibración | N5: Indicador | Y5: providencia@oomapasc.gob.mx;
A6: Alcantarillado y Saneamiento | C6: =IF(ANÁLISIS!J10=MAX(ANÁLISIS!$J$8:$J$11),1,2) -> 2 | E6: =IFERROR('DATOS '!D6+E5,"") | F6: =IF(_xlfn.XLOOKUP('DATOS '!D6,ANÁLISIS!$J$8:$J$11,ANÁLISIS!$A$8:$A$11,"",0,)=F5,_xlfn.XLOOKUP('DATOS '!D6,ANÁLISIS!$J$8:$J$11,ANÁLISIS!$A$8:$A$11,,0,-1),_xlfn.XLOOKUP('DATOS '!D6,ANÁLISIS!$J$8:$J$11,ANÁLISIS!$A$8:$A$11,"",0,)) | G6: =IF(_xlfn.XLOOKUP('DATOS '!D6,ANÁLISIS!$J$8:$J$11,ANÁLISIS!$A$8:$A$11,"",0,)=ANÁLISIS!L9,_xlfn.XLOOKUP('DATOS '!D6,ANÁLISIS!$J$8:$J$11,ANÁLISIS!$A$8:$A$11,,0,-1),_xlfn.XLOOKUP('DATOS '!D6,ANÁLISIS!$J$8:$J$11,ANÁLISIS!$A$8:$A$11,"",0,)) | H6: =IF(OR(MAX($G$4:$G$7)=G6,MIN($G$4:$G$7)=G6),G6,NA()) -> #N/A | L6: Medición Análisis y Mejora | N6: Proceso | Y6: central2@oomapasc.gob.mx;
A7: Atención Ciudadana | C7: =IF(ANÁLISIS!J11=MAX(ANÁLISIS!$J$8:$J$11),1,2) -> 2 | E7: =IFERROR('DATOS '!D7+E6,"") | F7: =IF(_xlfn.XLOOKUP('DATOS '!D7,ANÁLISIS!$J$8:$J$11,ANÁLISIS!$A$8:$A$11,"",0,)=F6,_xlfn.XLOOKUP('DATOS '!D7,ANÁLISIS!$J$8:$J$11,ANÁLISIS!$A$8:$A$11,,0,-1),_xlfn.XLOOKUP('DATOS '!D7,ANÁLISIS!$J$8:$J$11,ANÁLISIS!$A$8:$A$11,"",0,)) | G7: =IF(_xlfn.XLOOKUP('DATOS '!D7,ANÁLISIS!$J$8:$J$11,ANÁLISIS!$A$8:$A$11,"",0,)=ANÁLISIS!L10,_xlfn.XLOOKUP('DATOS '!D7,ANÁLISIS!$J$8:$J$11,ANÁLISIS!$A$8:$A$11,,0,-1),_xlfn.XLOOKUP('DATOS '!D7,ANÁLISIS!$J$8:$J$11,ANÁLISIS!$A$8:$A$11,"",0,)) | H7: =IF(OR(MAX($G$4:$G$7)=G7,MIN($G$4:$G$7)=G7),G7,NA()) -> #N/A | L7: Producción | N7: Producto no conforme | Y7: Pyaqui@oomapasc.gob.mx;
A8: Comunicación e Imagen Institucional | C8: ? | D8: ? | E8: ? | F8: ? | L8: Proyectos e Infraestructura | N8: Reclamaciones de cliente | Y8: pyaqui2@oomapasc.gob.mx;
A9: Contabilidad | L9: Responsabilidad de la Dirección | Y9: Vbonita@oomapasc.gob.mx;
A10: Contratos y Servicios | Y10: Awallmart@oomapasc.gob.mx;
A11: Control de Calidad | Y11: akbasculas@oomapasc.gob.mx;
A12: Control y Servicios | Y12: rsuarez@oomapasc.gob.mx;
A13: Cultura del agua | Y13: Arojas@oomapasc.gob.mx;
A14: Informática | Y14: mantenimiento@oomapasc.gob.mx;
A15: Jurídico | Y15: agonzalez@oomapasc.gob.mx;
A16: Licitaciones | Y16: ahiguera@oomapasc.gob.mx;
A17: Línea OOMAPASC | Y17: amedina@oomapasc.gob.mx;
A18: Mantenimiento de Redes | Y18: jtorres@oomapasc.gob.mx;
A19: Mantenimiento y Servicios Generales | Y19: acastro@oomapasc.gob.mx;
A20: Órgano de Control Interno | Y20: tssuburbano@oomapasc.gob.mx;
A21: Padrón de Usuarios | Y21: almacen@oomapasc.gob.mx;
... A34: Verificación Y Lectura | Y34: agalvez@oomapasc.gob.mx;
Y35: asistentesdedirectores@oomapasc.gob.mx;
Y36: atencion@oomapasc.gob.mx;
Y37: atencionempresarial@oomapasc.gob.mx;
Y38: auditores@oomapasc.gob.mx;
Y39: agastelum@oomapasc.gob.mx;
Y40: Bfelix@oomapasc.gob.mx;
Y41: bencinas@oomapasc.gob.mx;
Y42: bberrelleza@oomapasc.gob.mx;
Y43: Bchaparro@oomapasc.gob.mx;
Y44: bsaucedo@oomapasc.gob.mx;
Y45: brigadistas@oomapasc.gob.mx;
Y46: cparra@oomapasc.gob.mx;
... Y265: Zarteche@oomapasc.gob.mx;

Sheet AUDITOR
B2: =IF(ACTIVIDADES!$C$2="","",ACTIVIDADES!$C$2) | H2: FOLIO: | I2: =IFERROR("AC#"&REGISTRO!#REF! &"/" &RIGHT(YEAR(REGISTRO!#REF!),2),"")
B4: Evaluación de la eficacia de las acciones tomadas
B5: Señala la evidencia objetiva revisada:
B12: Conclusión del porqué es efectiva:
B19: Fecha de cierre | C19: Auditor que cierra | G19: Responsable de la acción
G20: =IF(REGISTRO!#REF!="","",REGISTRO!#REF!) -> #REF!
